| ACCOUNT SUPPORT | BILLING | RETURNS | DELIVERY |

1. I forgot my password and can't log into my account. | ACCOUNT SUPPORT |
2. I was charged twice for my subscription this month. | BILLING |
3. My order was supposed to arrive yesterday, but I haven't received it. | DELIVERY |
4. I would like to return the shoes because they don't fit. | RETURNS |
5. Can I change the email address linked to my account? | ACCOUNT SUPPORT |
6. Where is my package? I have been waiting for three days. | DELIVERY |
7. I received the wrong item and would like a refund. | RETURNS |
8. My credit card was charged, but my order was not confirmed. | BILLING |
9. I cannot update my profile information. | ACCOUNT SUPPORT |
10. The tracking number says delivered, but I haven't received my package. | DELIVERY |
